﻿"Site name","URL","Teams","Channel sites","IBMode","Storage used (GB)","Primary admin","Hub","Template","Last activity (UTC)","Date created","Created by","Storage limit (GB)","Storage used (%)","Microsoft 365 group","Files viewed or edited","Page views","Page visits","Files","Sensitivity","External sharing"
"All Company","https://fbaint.sharepoint.com/sites/allcompany","False",,"Open","0.00",,"","Team site",,"8/2/2021 1:05:41 PM","All Company Owners","25600","0.00","True","0","0","0","9",,"On"
"Apps","https://fbaint.sharepoint.com/sites/appcatalog","False",,"Open","0.00","Global Administrator","","App Catalog Site","7/23/2025 5:00:00 PM","2/26/2023 10:22:18 PM","Global Administrator","25600","0.00","False","0","15","1","0",,"Off"
"April China Trip and Canton Fair","https://fbaint.sharepoint.com/sites/AprilChinaTripandCantonFair","False",,"Open","156.26",,"","Team site","7/24/2025 5:00:00 PM","4/27/2023 6:46:07 PM","April China Trip and Canton Fair Owners","25600","0.01","True","490","26","6","19675",,"On"
"Australia - SP","https://fbaint.sharepoint.com/sites/Australia-sp","False",,"Open","0.00",,"","Team site","5/19/2025 5:00:00 PM","4/2/2023 9:04:49 PM","Australia - SP Owners","25600","0.00","True","0","0","0","13",,"On"
"BSM Implementation","https://fbaint.sharepoint.com/sites/BSMImplementation","True",,"Open","0.01",,"","Team site","1/22/2025 4:00:00 PM","6/26/2023 7:56:28 PM","BSM Implementation Owners","25600","0.00","True","0","0","0","27",,"On"
"Buyers","https://fbaint.sharepoint.com/sites/Buyers","False",,"Open","209.96",,"","Team site","7/24/2025 5:00:00 PM","3/21/2023 10:15:58 PM","Buyers Owners","25600","0.01","True","1230","76","9","100130",,"Off"
"Buyers-SP","https://fbaint.sharepoint.com/sites/Buyers-SP-Group","False",,"Open","0.00",,"","Team site","4/27/2023 5:00:00 PM","4/2/2023 8:35:34 PM","Buyers-SP-Group Owners","25600","0.00","True","0","0","0","4",,"On"
"Communication site","https://fbaint.sharepoint.com","False",,"Open","0.64","Global Administrator","","Communication site","7/24/2025 5:00:00 PM","5/11/2021 2:19:41 PM","Global Administrator","25600","0.00","False","2","76","9","16",,"On"
"Design","https://fbaint.sharepoint.com/sites/Design","False",,"Open","569.84",,"","Team site","7/23/2025 5:00:00 PM","9/10/2023 9:14:05 PM","Design Owners","25600","0.02","True","2365","33","5","3057",,"On"
"DesignChina","https://fbaint.sharepoint.com/sites/DesignChina","False",,"Open","518.51",,"","Team site","7/24/2025 5:00:00 PM","7/8/2024 5:34:18 PM","Debra Tippett","25600","0.02","True","524","13","4","6100",,"On"
"Digital Website Team","https://fbaint.sharepoint.com/sites/DigitalWebsiteTeam","True",,"Open","0.14",,"","Team site","2/1/2023 4:00:00 PM","1/10/2023 4:19:58 PM","Digital Website Team Owners","25600","0.00","True","0","0","0","1082",,"On"
"ERP","https://fbaint.sharepoint.com/sites/ERP2","False",,"Open","1.97",,"","Team site","7/24/2025 5:00:00 PM","6/27/2024 6:18:44 PM","Debra Tippett","25600","0.00","True","38","24","4","218",,"On"
"Fadi & Gemma Catch Up","https://fbaint.sharepoint.com/sites/FadiGemmaCatchUp","True",,"Open","0.12",,"","Team site","7/14/2025 5:00:00 PM","8/2/2021 1:50:26 AM","Fadi & Gemma Catch Up Owners","25600","0.00","True","2","4","2","20",,"On"
"Fadi & Mal","https://fbaint.sharepoint.com/sites/FadiMal","True",,"Open","0.03",,"","Team site","7/30/2024 5:00:00 PM","8/8/2021 9:50:42 PM","Fadi & Mal Owners","25600","0.00","True","0","0","0","20",,"On"
"Fadi & Robert","https://fbaint.sharepoint.com/sites/FadiRobert","True",,"Open","0.00",,"","Team site","6/16/2024 5:00:00 PM","8/9/2021 12:42:44 AM","Fadi & Robert Owners","25600","0.00","True","0","0","0","11",,"On"
"Fadi Ali","https://fbaint.sharepoint.com/sites/FadiAli","False",,"Open","5.21",,"","Team site","7/24/2025 5:00:00 PM","4/30/2025 5:32:42 PM","Debra Tippett","25600","0.00","True","226","2","1","1290",,"On"
"FBA","https://fbaint.sharepoint.com/sites/FBA","False",,"Open","8.25",,"","Team site","5/27/2025 5:00:00 PM","4/10/2022 12:46:09 PM","FBA Owners","25600","0.00","True","0","0","0","5841",,"On"
"FBA China","https://fbaint.sharepoint.com/sites/fbachina","True",,"Open","0.00",,"","Team site","1/20/2025 4:00:00 PM","5/24/2022 11:23:15 PM","FBA China Owners","25600","0.00","True","0","0","0","11",,"On"
"FBA Finance","https://fbaint.sharepoint.com/sites/FBAFinance","True",,"Open","0.00",,"","Team site","10/2/2024 5:00:00 PM","1/20/2022 5:07:45 PM","FBA Finance Owners","25600","0.00","True","0","0","0","11",,"On"
"FBA USA Updates","https://fbaint.sharepoint.com/sites/FBAUSAUpdates","True","6","Open","0.00",,"","Team site","8/26/2024 5:00:00 PM","8/8/2021 6:07:43 PM","FBA USA Updates Owners","25600","0.00","True","0","0","0","10",,"On"
"FDC1 to Kogeo","https://fbaint.sharepoint.com/sites/FDC1toKogeo","True",,"Implicit","0.00",,"","Team site","6/27/2022 5:00:00 PM","6/7/2022 5:11:46 AM","FDC1 to Kogeo Owners","25600","0.00","True","0","0","0","6",,"On"
"FDC1 to Kogeo2","https://fbaint.sharepoint.com/sites/FDC1toKogeo2","True",,"Open","0.00",,"","Team site","7/21/2022 5:00:00 PM","7/16/2022 5:23:07 AM","FDC1 to Kogeo2 Owners","25600","0.00","True","0","0","0","6",,"On"
"Finance Management","https://fbaint.sharepoint.com/sites/FinanceManagement","False",,"Open","15.83",,"","Team site","7/24/2025 5:00:00 PM","7/23/2025 5:14:17 PM","Debra Tippett","25600","0.00","True","13877","21","5","2",,"On"
"Finance Reporting","https://fbaint.sharepoint.com/sites/FinanceReporting","False",,"Open","2.61",,"","Team site","7/24/2025 5:00:00 PM","1/9/2024 1:55:32 PM","Finance Reporting Owners","25600","0.00","True","48","6","4","386",,"On"
"Frontier Brands Mexico Manufacturing","https://fbaint.sharepoint.com/sites/FrontierBrandsMexicoManufacturing","False",,"Open","0.00",,"","Team site","6/8/2025 5:00:00 PM","12/17/2024 5:29:53 PM","Debra Tippett","25600","0.00","True","0","0","0","6",,"On"
"JounreHR","https://fbaint.sharepoint.com/sites/JounreHR","False",,"Open","12.87",,"","Team site","7/22/2025 5:00:00 PM","4/2/2023 6:59:06 PM","JounreHR Owners","25600","0.00","True","16","9","5","3630",,"On"
"Journe -  UK","https://fbaint.sharepoint.com/sites/FBAUK","True","2","Open","0.00",,"","Team site","12/12/2024 4:00:00 PM","8/5/2021 5:41:06 PM","FBA UK Owners","25600","0.00","True","0","0","0","9",,"On"
"Journe Australia","https://fbaint.sharepoint.com/sites/FBAAustralia","True","21","Open","0.00",,"","Team site","7/9/2025 5:00:00 PM","8/5/2021 5:36:06 PM","FBA Australia Owners","25600","0.00","True","2","8","3","11",,"On"
"Journe Brands Carbon Emissions - 2024","https://fbaint.sharepoint.com/sites/JourneBrandsCarbonEmissions-2024","True",,"Open","0.30",,"","Team site","7/1/2025 5:00:00 PM","9/15/2024 9:55:55 PM","Journe Brands Carbon Emissions - 2024 Owners","25600","0.00","True","5","2","1","16",,"On"
"Journe Finance","https://fbaint.sharepoint.com/sites/JourneFinance","False",,"Open","39.95",,"","Team site","7/24/2025 5:00:00 PM","7/23/2025 4:56:27 PM","Debra Tippett","25600","0.00","True","33001","44","5","16811",,"On"
"Journe Global","https://fbaint.sharepoint.com/sites/FBAInternational","True","0","Open","0.03",,"","Team site","7/22/2025 5:00:00 PM","5/11/2021 2:22:16 PM","FBA International Owners","25600","0.00","True","1","0","0","14",,"On"
"Journe IT","https://fbaint.sharepoint.com/sites/JourneIT","False",,"Open","41.72",,"","Team site","7/24/2025 5:00:00 PM","3/4/2025 1:25:40 PM","Debra Tippett","25600","0.00","True","1943","23","5","46515",,"On"
"Journe- USA","https://fbaint.sharepoint.com/sites/FBA-USA","True","1","Open","0.01",,"","Team site","6/5/2025 5:00:00 PM","8/5/2021 5:41:48 PM","FBA - USA Owners","25600","0.00","True","0","0","0","12",,"On"
"JourneChina","https://fbaint.sharepoint.com/sites/JourneChina","False",,"Open","0.00",,"","Team site","5/15/2025 5:00:00 PM","3/30/2023 9:00:34 PM","JourneChina Owners","25600","0.00","True","0","0","0","6",,"On"
"JourneCostings","https://fbaint.sharepoint.com/sites/JourneCostings","False",,"Open","22.37",,"","Team site","7/24/2025 5:00:00 PM","9/10/2024 9:03:53 PM","Debra Tippett","25600","0.00","True","78","19","7","477",,"On"
"Kogeo to FDC1","https://fbaint.sharepoint.com/sites/KogeotoFDC1","True",,"Open","0.00",,"","Team site","10/24/2024 5:00:00 PM","6/28/2022 11:31:20 AM","Kogeo to FDC1 Owners","25600","0.00","True","0","0","0","8",,"On"
"Kogeo2 to FDC1","https://fbaint.sharepoint.com/sites/Kogeo2toFDC1","True",,"Open","0.00",,"","Team site","7/27/2022 5:00:00 PM","7/16/2022 5:20:30 AM","Kogeo2 to FDC1 Owners","25600","0.00","True","0","0","0","6",,"On"
"Lincoln D&T","https://fbaint.sharepoint.com/sites/LincolnDT","True",,"Open","0.05",,"","Team site","6/24/2024 5:00:00 PM","5/24/2022 3:18:35 PM","Lincoln D&T Owners","25600","0.00","True","0","0","0","43",,"On"
"Marketing","https://fbaint.sharepoint.com/sites/Marketing","False",,"Open","5917.73",,"","Team site","7/24/2025 5:00:00 PM","2/6/2023 4:40:10 PM","Marketing Owners","25600","0.23","True","8363","330","12","150117",,"Off"
"Marketing-SP","https://fbaint.sharepoint.com/sites/marketing-sp","False",,"Open","0.00",,"","Team site","5/4/2025 5:00:00 PM","4/2/2023 8:59:32 PM","Marketing-SP Owners","25600","0.00","True","0","0","0","6",,"On"
"NPD 2024","https://fbaint.sharepoint.com/sites/NPD2024","False",,"Open","0.00",,"","Team site",,"12/4/2023 4:32:11 PM","NPD 2024 Owners","25600","0.00","True","0","0","0","0",,"On"
"Packaging & Artwork","https://fbaint.sharepoint.com/sites/PackagingArtwork","False",,"Open","0.00",,"","Team site","5/19/2025 5:00:00 PM","5/10/2023 5:01:04 PM","Packaging & Artwork Owners","25600","0.00","True","0","0","0","6",,"On"
"Procurement / Supply Chain","https://fbaint.sharepoint.com/sites/PurchasingSupplyChain","True",,"Open","0.00",,"","Team site","11/7/2024 4:00:00 PM","9/28/2021 11:24:15 PM","Purchasing / Supply Chain Owners","25600","0.00","True","0","0","0","10",,"On"
"Procurement + Marketing","https://fbaint.sharepoint.com/sites/ProcurementMarketing","True",,"Open","0.00",,"","Team site","11/7/2024 4:00:00 PM","11/9/2021 1:16:06 PM","Procurement + Marketing Owners","25600","0.00","True","0","0","0","9",,"On"
"Procurement Aust","https://fbaint.sharepoint.com/sites/PurchasingAust","True",,"Open","0.23",,"","Team site","12/3/2024 4:00:00 PM","8/8/2021 4:54:50 PM","Purchasing Aust Owners","25600","0.00","True","0","0","0","31",,"On"
"Public","https://fbaint.sharepoint.com/sites/Public","False",,"Open","809.04",,"","Team site","7/24/2025 5:00:00 PM","3/21/2023 4:17:51 AM","Public Owners","25600","0.03","True","2527","105","8","172068",,"Off"
"Rancho Dominguez to FDC1","https://fbaint.sharepoint.com/sites/RanchoDomingueztoFDC1","True",,"Implicit","0.00",,"","Team site","6/25/2022 5:00:00 PM","6/7/2022 5:13:31 AM","Rancho Dominguez to FDC1 Owners","25600","0.00","True","0","0","0","6",,"On"
"Sabrina share docs","https://fbaint.sharepoint.com/sites/Sabrinasharedocs","False",,"Open","1.45",,"","Team site","6/16/2025 5:00:00 PM","3/27/2024 11:12:23 PM","Sabrina share docs Owners","25600","0.00","True","0","0","0","555",,"On"
"Sales","https://fbaint.sharepoint.com/sites/Sales","True",,"Open","3.43",,"","Team site","7/24/2025 5:00:00 PM","3/26/2024 3:28:19 PM","Sales Owners","25600","0.00","True","12","20","2","1409",,"On"
"Sales Team Australia","https://fbaint.sharepoint.com/sites/SalesTeam","True",,"Open","0.00",,"","Team site","1/9/2025 4:00:00 PM","8/5/2021 6:33:47 PM","Sales Team Owners","25600","0.00","True","0","0","0","10",,"On"
"Sales Team Global","https://fbaint.sharepoint.com/sites/SalesTeamGlobal","True",,"Open","0.00",,"","Team site","5/4/2025 5:00:00 PM","8/5/2021 6:35:23 PM","Sales Team Global Owners","25600","0.00","True","0","0","0","8",,"On"
"SalesUK_EU","https://fbaint.sharepoint.com/sites/SalesUK_EU","False",,"Open","0.46",,"","Team site","7/24/2025 5:00:00 PM","7/31/2024 4:39:21 PM","Debra Tippett","25600","0.00","True","19","42","4","45",,"On"
"SalesUSA","https://fbaint.sharepoint.com/sites/SalesUSA","False",,"Open","0.16",,"","Team site","7/21/2025 5:00:00 PM","3/26/2024 3:34:29 PM","SalesUSA Owners","25600","0.00","True","1","0","0","21",,"On"
"Sourcing","https://fbaint.sharepoint.com/sites/sourcing","True",,"Open","0.00",,"","Team site","1/20/2025 4:00:00 PM","4/27/2023 7:00:04 PM","Sourcing Owners","25600","0.00","True","0","0","0","8",,"On"
"Walmart.com","https://fbaint.sharepoint.com/sites/Walmart.com","True",,"Open","0.00",,"","Team site","2/19/2025 4:00:00 PM","8/8/2024 9:57:31 AM","Walmart.com Owners","25600","0.00","True","0","0","0","8",,"On"
"Warehouse","https://fbaint.sharepoint.com/sites/Warehouse","True","0","Open","0.00",,"","Team site","10/5/2022 5:00:00 PM","8/5/2021 9:18:20 AM","Warehouse Owners","25600","0.00","True","0","0","0","6",,"On"
"WMS - ERP","https://fbaint.sharepoint.com/sites/WMS-ERP","True",,"Open","0.00",,"","Team site",,"3/3/2025 8:53:18 AM","WMS - ERP Owners","25600","0.00","True","0","0","0","3",,"On"
